row_index,id,prompt_index,sample_index,category,failure_reason,reward,answer,parsed_answer,boxed_answer_count,boxed_answers,normalized_boxed_answers,completion_length,estimated_token_count,reached_max_new_tokens,truncation_estimate_source,completion_excerpt
9,gsm8k-train-000001,1,0,parser_too_strict,boxed_not_final_only,0.0,10,,1,10,10,322,101,False,char_length_heuristic,"To find out how much Weng earned, we need to calculate her earnings for 50 minutes at a rate of $12 per hour.  First, convert 50 minutes to hours: $$ 50 \text{ minutes} = \frac{50}{60} = \frac{5}{6} \text{ hours} $$  Now, multiply by her hourly rate: $$ \frac{5}{6} \times 12 = 10 $$  So, Weng earned $\boxed{10}$ dollars."
13,gsm8k-train-000001,1,4,parser_too_strict,boxed_not_final_only,0.0,10,,1,10,10,250,79,False,char_length_heuristic,"To find out how much Weng earned, we first convert 50 minutes to hours:  $$ 50 \text{ minutes} = \frac{50}{60} = \frac{5}{6} \text{ hours} $$  Then, multiply by her hourly rate:  $$ \frac{5}{6} \times 12 = 10 $$  So, Weng earned $\boxed{10}$ dollars."
15,gsm8k-train-000001,1,6,parser_too_strict,boxed_not_final_only,0.0,10,,1,10,10,249,78,False,char_length_heuristic,"To find out how much Weng earned, we first convert 50 minutes to hours:  $$ 50 \text{ minutes} = \frac{50}{60} = \frac{5}{6} \text{ hours} $$  Then multiply by her hourly rate:  $$ \frac{5}{6} \times 12 = 10 $$  So, Weng earned $\boxed{10}$ dollars."
16,gsm8k-train-000001,1,7,parser_too_strict,boxed_not_final_only,0.0,10,,1,10,10,263,83,False,char_length_heuristic,"To find out how much Weng earned, we first convert 50 minutes to hours:  $$ 50 \text{ minutes} = \frac{50}{60} \text{ hours} = \frac{5}{6} \text{ hours} $$  Then multiply by her hourly rate:  $$ \frac{5}{6} \times 12 = 10 $$  So, Weng earned $\boxed{10}$ dollars."
32,gsm8k-train-000003,3,7,parser_too_strict,boxed_not_final_only,0.0,42,,1,42,42,323,101,False,char_length_heuristic,"To solve the problem:  1. Total pages in the book: 120   2. Pages read yesterday: 12   3. Pages read today: $ 2 \times 12 = 24 $   4. Total pages read so far: $ 12 + 24 = 36 $   5. Remaining pages: $ 120 - 36 = 84 $   6. Half of the remaining pages: $ \frac{84}{2} = 42 $  So, Julie should read $\boxed{42}$ pages tomorrow."
33,gsm8k-train-000004,4,0,truncated_before_final,no_boxed_answer,0.0,624,,0,,,400,125,True,char_length_heuristic,"To find out how many pages James writes in a year, we can break it down step by step:  1. James writes a **3-page letter** to **2 different friends**. 2. He does this **twice a week**. 3. There are **52 weeks** in a year.  So, the total number of pages he writes in a year is:  $$ 3 \text{ pages} \times 2 \text{ friends} \times 2 \text{ times/week} \times 52 \text{ weeks} = 624 \text{ pages} $$  $$"
34,gsm8k-train-000004,4,1,truncated_before_final,no_boxed_answer,0.0,624,,0,,,404,127,True,char_length_heuristic,"To find how many pages James writes in a year, we break it down step by step:  - He writes a **3-page letter** to **2 different friends**. - He does this **twice a week**. - There are **52 weeks** in a year.  So, the total number of pages per week is:  $$ 3 \text{ pages} \times 2 \text{ friends} \times 2 \text{ times/week} = 12 \text{ pages/week} $$  Then, for the whole year:  $$ 12 \text{ pages/week}"
35,gsm8k-train-000004,4,2,truncated_before_final,no_boxed_answer,0.0,624,,0,,,400,125,True,char_length_heuristic,"To find how many pages James writes in a year, we break it down step by step:  - He writes a **3-page letter** to **2 different friends**. - He does this **twice a week**. - There are **52 weeks** in a year.  So, the total number of pages per week is: $$ 3 \text{ pages/letter} \times 2 \text{ friends} \times 2 \text{ times/week} = 12 \text{ pages/week} $$  Then, for a year: $$ 12 \text{ pages/week"
36,gsm8k-train-000004,4,3,malformed_boxed,malformed_boxed_answer,0.0,624,,0,,,349,110,False,char_length_heuristic,"To find how many pages James writes in a year:  - He writes a 3-page letter to 2 friends **twice a week**. - So, per week: $ 3 \text{ pages} \times 2 \text{ friends} \times 2 \text{ times} = 12 \text{ pages} $. - There are 52 weeks in a year. - Total pages per year: $ 12 \text{ pages/week} \times 52 \text{ weeks} = 624 \text{ pages} $.  $$ \boxed{"
38,gsm8k-train-000004,4,5,truncated_before_final,no_boxed_answer,0.0,624,,0,,,404,127,True,char_length_heuristic,"To find how many pages James writes in a year, we can break it down step by step:  - He writes a **3-page letter** to **2 different friends**. - He does this **twice a week**.  So, per week: - Pages per friend: 3 - Number of friends: 2 - Total pages per week: $ 3 \times 2 = 6 $ pages  He does this **twice a week**, so: - Total pages per week: $ 6 \times 2 = 12 $ pages  There are **52 weeks** in a year"
42,gsm8k-train-000005,5,1,final_answer_unboxed,no_boxed_answer,0.0,35,,0,,,314,99,False,char_length_heuristic,"To solve the problem, we break it down step by step:  1. **Yellow flowers**: 10 2. **Purple flowers**: 80% more than yellow      $ 10 + 0.8 \times 10 = 10 + 8 = 18 $      So, 18 purple flowers.  3. **Green flowers**: 25% as many as yellow and purple combined      $ 10 + 18 = 28 $      $ 25\% \text{ of } 28 = 0.25"
43,gsm8k-train-000005,5,2,final_answer_unboxed,no_boxed_answer,0.0,35,,0,,,317,100,False,char_length_heuristic,"To solve the problem, we break it down step by step:  - **Yellow flowers**: 10 - **Purple flowers**: 80% more than yellow     $$   10 + 0.8 \times 10 = 10 + 8 = 18   $$ - **Green flowers**: 25% as many as yellow and purple combined     $$   \text{Yellow + Purple} = 10 + 18 = 28 \\   \text{Green} = 0.25 \times 28 = 7"
44,gsm8k-train-000005,5,3,final_answer_unboxed,no_boxed_answer,0.0,35,,0,,,344,108,False,char_length_heuristic,"To solve the problem, we'll calculate the number of flowers for each color and then add them up.  - Yellow flowers: 10   - Purple flowers: 80% more than yellow = $10 + 0.8 \times 10 = 18$   - Green flowers: 25% as many as yellow and purple combined = $0.25 \times (10 + 18) = 0.25 \times 28 = 7$  Now, add them all together:   $10 + 18 + 7 = 35"
45,gsm8k-train-000005,5,4,no_boxed_answer,no_boxed_answer,0.0,35,,0,,,364,114,False,char_length_heuristic,"To solve the problem, we need to find the total number of flowers in Mark's garden.  1. **Yellow flowers**: 10   2. **Purple flowers**: 80% more than yellow = $ 10 + 0.8 \times 10 = 18 $   3. **Green flowers**: 25% as many as yellow and purple combined.      - Yellow + Purple = $ 10 + 18 = 28 $      - Green = $ 0.25 \times 28 = 7 $  Now, total flowers = Yellow +"
47,gsm8k-train-000005,5,6,final_answer_unboxed,no_boxed_answer,0.0,35,,0,,,314,99,False,char_length_heuristic,"To solve the problem, we break it down step by step:  - **Yellow flowers**: 10 - **Purple flowers**: 80% more than yellow     $ 10 + (0.8 \times 10) = 10 + 8 = 18 $  - **Green flowers**: 25% as many as yellow and purple combined     $ \text{Yellow} + \text{Purple} = 10 + 18 = 28 $     $ 25\% \text{ of } 28 = 0.25"
48,gsm8k-train-000005,5,7,final_answer_unboxed,no_boxed_answer,0.0,35,,0,,,380,119,False,char_length_heuristic,"To solve the problem, we need to find the total number of flowers in Mark's garden by adding up the number of yellow, purple, and green flowers.  1. **Yellow flowers:** 10   2. **Purple flowers:** 80% more than yellow      $$    10 + 0.8 \times 10 = 10 + 8 = 18    $$  3. **Green flowers:** 25% as many as yellow and purple combined      $$    \text{Yellow + Purple} = 10 + 18 = 2"
57,gsm8k-train-000007,7,0,truncated_before_final,no_boxed_answer,0.0,16,,0,,,419,131,True,char_length_heuristic,Let's break down the problem step by step.  1. **Start with a box on a scale.** 2. **Add enough jelly beans to bring the weight to 2 pounds.**      - Weight = 2 pounds.  3. **Add enough brownies to cause the weight to triple.**      - Triple of 2 pounds = $ 2 \times 3 = 6 $ pounds.  4. **Add another 2 pounds of jelly beans.**      - New weight = $ 6 + 2 = 8 $ pounds.  5. **Add enough gummy worms to double the weight
58,gsm8k-train-000007,7,1,truncated_before_final,no_boxed_answer,0.0,16,,0,,,406,127,True,char_length_heuristic,"Let's break down the problem step by step:  1. **Start with a box on a scale.**      - Ken adds **2 pounds of jelly beans**, so the weight is **2 pounds**.  2. **He adds enough brownies to **triple** the weight.**      - Tripling 2 pounds gives:        $ 2 \times 3 = 6 $ pounds.  3. **He adds another **2 pounds of jelly beans**.**      - Adding 2 pounds to 6 pounds gives:        $ 6 + 2 = 8 $ pounds.  4"
60,gsm8k-train-000007,7,3,truncated_before_final,no_boxed_answer,0.0,16,,0,,,426,134,True,char_length_heuristic,"Let's break down the problem step by step:  1. Ken starts with a box on a scale. 2. He adds **2 pounds of jelly beans**, so the weight is **2 pounds**. 3. Then he adds **enough brownies to triple** the weight.      Triple of 2 pounds is $ 2 \times 3 = 6 $ pounds. 4. Next, he adds **another 2 pounds of jelly beans**, so the weight becomes $ 6 + 2 = 8 $ pounds. 5. Finally, he adds **enough gummy worms to double** the weight."
61,gsm8k-train-000007,7,4,truncated_before_final,no_boxed_answer,0.0,16,,0,,,406,127,True,char_length_heuristic,Let's track the weight step by step.  1. Ken starts with a box on a scale. 2. He adds enough jelly beans to bring the weight to **2 pounds**. 3. He adds enough brownies to **tripple** the weight:      $ 2 \times 3 = 6 $ pounds. 4. He adds another **2 pounds of jelly beans**:      $ 6 + 2 = 8 $ pounds. 5. He adds enough gummy worms to **double** the weight:      $ 8 \times 2 = 16 $ pounds.  Final weight:
62,gsm8k-train-000007,7,5,truncated_before_final,no_boxed_answer,0.0,16,,0,,,483,151,True,char_length_heuristic,"We are given a series of steps involving adding different items to a box and tracking the weight changes. Let's follow each step carefully.  1. **Start with a box on a scale.**      - Initial weight: 0 pounds (assumed, as no weight is given initially).  2. **Pour enough jelly beans to bring the weight to 2 pounds.**      - Weight = 2 pounds.  3. **Add enough brownies to cause the weight to triple.**      - New weight = 2 × 3 = 6 pounds.  4. **Add another 2 pounds of jelly beans."
63,gsm8k-train-000007,7,6,truncated_before_final,no_boxed_answer,0.0,16,,0,,,396,124,True,char_length_heuristic,Let's break down the problem step by step:  1. **Start with a box on a scale.** 2. **Add jelly beans to bring the weight to 2 pounds.**      - Weight = 2 pounds. 3. **Add brownies to triple the weight.**      - New weight = 2 × 3 = 6 pounds. 4. **Add another 2 pounds of jelly beans.**      - New weight = 6 + 2 = 8 pounds. 5. **Add gummy worms to double the weight.**      - Final weight = 8 × 2
64,gsm8k-train-000007,7,7,truncated_before_final,malformed_boxed_answer,0.0,16,,0,,,390,122,True,char_length_heuristic,"Let's break down the problem step by step:  1. **Start with a box on a scale.** 2. **Add jelly beans to bring the weight to 2 pounds.** 3. **Add brownies, causing the weight to triple.**    - $ 2 \times 3 = 6 $ pounds. 4. **Add another 2 pounds of jelly beans.**    - $ 6 + 2 = 8 $ pounds. 5. **Add gummy worms to double the weight.**    - $ 8 \times 2 = 16 $ pounds.  Final weight: $\boxed"
65,gsm8k-train-000008,8,0,truncated_before_final,no_boxed_answer,0.0,41,,0,,,391,123,True,char_length_heuristic,"Let's calculate the total amount Alexis spent on items she bought, excluding the shoes, and subtract that from her original budget to find the cost of the shoes.  - Shirt: $30   - Suit pants: $46   - Suit coat: $38   - Socks: $11   - Belt: $18    Total spent on these items:   $30 + $46 + $38 + $11 + $18 = $143    Original budget: $200   Amount left: $16    Amount spent on shoes = $200 - $"
66,gsm8k-train-000008,8,1,no_boxed_answer,no_boxed_answer,0.0,41,,0,,,280,88,False,char_length_heuristic,"We start with a budget of $200 and end with $16 left, so the total amount spent is:  $$ 200 - 16 = 184 $$  Now we add up the known expenses:  $$ 30 + 46 + 38 + 11 + 18 = 143 $$  Let $ x $ be the cost of the shoes. Then:  $$ 143 + x = 184 $$  Solving for $ x $:  $$ x = 184 - 143 ="
67,gsm8k-train-000008,8,2,no_boxed_answer,no_boxed_answer,0.0,41,,0,,,317,100,False,char_length_heuristic,"We start with a total budget of $200. Alexis has $16 left, so she spent:  $$ 200 - 16 = 184 $$  Now we subtract the costs of the items she bought:  - Button-up shirt: $30   - Suit pants: $46   - Suit coat: $38   - Socks: $11   - Belt: $18    Adding these:  $$ 30 + 46 + 38 + 11 + 18 = 143 $$  So the cost of the shoes"
68,gsm8k-train-000008,8,3,no_boxed_answer,no_boxed_answer,0.0,41,,0,,,358,112,False,char_length_heuristic,"Let's calculate how much Alexis spent on the items she bought, excluding the shoes.  - Button-up shirt: $30   - Suit pants: $46   - Suit coat: $38   - Socks: $11   - Belt: $18    Total spent on these items:   $30 + $46 + $38 + $11 + $18 = $143    Alexis started with a budget of $200 and has $16 left.   So, the amount she spent on the shoes is:   $200 - $16"
69,gsm8k-train-000008,8,4,truncated_before_final,no_boxed_answer,0.0,41,,0,,,424,133,True,char_length_heuristic,"Let's calculate how much Alexis spent on the items she bought, excluding the shoes, and then determine how much she spent on the shoes based on her remaining budget.  Total budget: $200   Remaining money: $16    Money spent on other items:   $30 (shirt) + $46 (pants) + $38 (coat) + $11 (socks) + $18 (belt) = $143    Money spent on shoes = Total budget - Money spent on other items - Remaining money   = $200 - $143 - $16 ="
70,gsm8k-train-000008,8,5,no_boxed_answer,no_boxed_answer,0.0,41,,0,,,356,112,False,char_length_heuristic,"To find out how much Alexis paid for the shoes, we start by calculating the total amount she spent on all the other items:  - Button-up shirt: $30   - Suit pants: $46   - Suit coat: $38   - Socks: $11   - Belt: $18    Total spent on these items:   $30 + $46 + $38 + $11 + $18 = $143  Alexis had a budget of $200 and has $16 left, so she spent:   $200 - $16"
71,gsm8k-train-000008,8,6,final_answer_unboxed,no_boxed_answer,0.0,41,,0,,,374,117,False,char_length_heuristic,"To find out how much Alexis paid for the shoes, we start by calculating the total amount she spent on all the other items:  - Button-up shirt: $30   - Suit pants: $46   - Suit coat: $38   - Socks: $11   - Belt: $18    Total spent on these items:   $30 + $46 + $38 + $11 + $18 = $143    Alexis had a budget of $200 and has $16 left. So the amount she spent in total is:   $20"
73,gsm8k-train-000009,9,0,no_boxed_answer,no_boxed_answer,0.0,990,,0,,,334,105,False,char_length_heuristic,"Tina earns $18.00 per hour. For overtime, she is paid at 1.5 times her regular wage.  She works 10 hours per day for 5 days:  - Regular hours per day: 8 hours   - Overtime hours per day: 10 - 8 = 2 hours   - Overtime pay rate: $18.00 × 1.5 = $27.00 per hour    Total earnings:  - Regular pay: $18.00 × 8 × 5 = $720.00   - Overtime pay"
74,gsm8k-train-000009,9,1,no_boxed_answer,no_boxed_answer,0.0,990,,0,,,341,107,False,char_length_heuristic,"Tina's regular pay is $18.00 per hour. For overtime, she earns 1.5 times her regular hourly wage:  $$ 18 + \frac{1}{2} \times 18 = 18 + 9 = 27 \text{ dollars per hour} $$  She works 10 hours per day for 5 days, so:  - 10 hours per day × 5 days = 50 hours total - 8 hours are regular pay, so 50 - 8 = 42 hours of overtime  Total earnings:  $$"
75,gsm8k-train-000009,9,2,no_boxed_answer,no_boxed_answer,0.0,990,,0,,,346,109,False,char_length_heuristic,"Tina earns $18.00 per hour. For hours over 8, she gets overtime at 1.5 times her regular wage.  She works 10 hours per day for 5 days:   Total hours = $10 \times 5 = 50$ hours.  For the first 8 hours each day, she earns $18.00/hour.   For the remaining 2 hours each day, she earns $18.00 \times 1.5 = 27.00/hour.  Daily earnings:   $ (8 \times 18"
76,gsm8k-train-000009,9,3,no_boxed_answer,no_boxed_answer,0.0,990,,0,,,265,83,False,char_length_heuristic,Tina's regular pay is $18.00 per hour.   Overtime pay is $18.00 + ($18.00 × 1/2) = $18.00 + $9.00 = $27.00 per hour.  She works 10 hours per day for 5 days:   - 8 hours are regular pay: $18.00 × 8 = $144.00   - 2 hours are overtime: $27.00 × 2 = $54.00    Total for
77,gsm8k-train-000009,9,4,no_boxed_answer,no_boxed_answer,0.0,990,,0,,,365,115,False,char_length_heuristic,"Tina's regular pay is $18.00 per hour. For overtime, she is paid at 1.5 times her regular wage:  $$ 18 + \frac{1}{2} \times 18 = 18 + 9 = 27 \text{ dollars per hour} $$  She works 10 hours per day for 5 days. Of those 10 hours, the first 8 are regular pay, and the remaining 2 hours are overtime.  Total regular hours: $8 \times 5 = 40$   Total overtime hours: $2 \"
78,gsm8k-train-000009,9,5,no_boxed_answer,no_boxed_answer,0.0,990,,0,,,278,87,False,char_length_heuristic,Tina's regular pay is $18.00 per hour.   Overtime pay is $18.00 + (1/2 × $18.00) = $27.00 per hour.  She works 10 hours per day for 5 days:   - 8 hours at regular pay: $18.00 × 8 = $144.00 per day   - 2 hours at overtime pay: $27.00 × 2 = $54.00 per day    Total per day: $144.0
79,gsm8k-train-000009,9,6,no_boxed_answer,no_boxed_answer,0.0,990,,0,,,319,100,False,char_length_heuristic,"Tina's regular pay is $18.00 per hour. For overtime, she earns 1.5 times her hourly wage:  $$ 18.00 + \frac{1}{2} \times 18.00 = 27.00 \text{ per hour} $$  She works 10 hours per day for 5 days. Of those, 8 hours are regular pay, and 2 hours are overtime per day:  $$ \text{Daily pay} = (8 \times 18.00) + (2 \times 27."
80,gsm8k-train-000009,9,7,final_answer_unboxed,no_boxed_answer,0.0,990,,0,,,306,96,False,char_length_heuristic,"Tina's hourly wage is $18.00.   Overtime is paid at 1.5 times the hourly wage, so $18.00 × 1.5 = $27.00 per hour for overtime.  She works 10 hours per day for 5 days:   - 8 hours are regular pay.   - 2 hours are overtime.  Daily earnings:   - Regular: 8 × $18.00 = $144.00   - Overtime: 2 × $27.00 = $54.00"
81,gsm8k-train-000010,10,0,truncated_before_final,no_boxed_answer,0.0,121,,0,,,405,127,True,char_length_heuristic,"We are told that a deep-sea monster eats a ship every 100 years, and over 300 years (i.e., 3 times), it has eaten 847 people. Each ship has **twice as many people as the previous one**.  Let the number of people on the first ship be $ x $.  Then, the second ship has $ 2x $ people, and the third ship has $ 4x $ people.  The total number of people eaten is:  $$ x + 2x + 4x = 7x $$  We are told this total"
82,gsm8k-train-000010,10,1,truncated_before_final,no_boxed_answer,0.0,121,,0,,,390,122,True,char_length_heuristic,"We are told that a deep-sea monster eats a ship every 100 years, and over 300 years, it has eaten 847 people. Each new ship has **twice as many people as the last**.  Let the number of people on the first ship be $ x $. Then:  - First ship: $ x $ - Second ship: $ 2x $ - Third ship: $ 4x $  Total number of people eaten over 300 years:  $$ x + 2x + 4x = 7x $$  We are told that the total is"
83,gsm8k-train-000010,10,2,truncated_before_final,no_boxed_answer,0.0,121,,0,,,385,121,True,char_length_heuristic,"We are given that a monster eats a ship every 100 years, and over 300 years (3 times), it has consumed 847 people. Each ship has twice as many people as the previous one.  Let the number of people on the first ship be $ x $. Then:  - First ship: $ x $ - Second ship: $ 2x $ - Third ship: $ 4x $  Total number of people:   $$ x + 2x + 4x = 7x $$  We are told this total is 847:  $$ 7x ="
84,gsm8k-train-000010,10,3,no_boxed_answer,no_boxed_answer,0.0,121,,0,,,379,119,False,char_length_heuristic,"Let $ x $ be the number of people on the first ship.  Since each new ship has twice as many people as the last, the number of people on the ships over three hundred years (three ships) is:  - First ship: $ x $ - Second ship: $ 2x $ - Third ship: $ 4x $  Total number of people eaten:   $$ x + 2x + 4x = 7x $$  We are given that the total is 847:  $$ 7x = 847 $$  $$ x = \frac{847"
85,gsm8k-train-000010,10,4,truncated_before_final,malformed_boxed_answer,0.0,121,,0,,,399,125,True,char_length_heuristic,"Let $ x $ be the number of people on the first ship.  Since each new ship has twice as many people as the last, the number of people on the ships over three hundred years is:  $$ x + 2x + 4x = 7x $$  We are told that the total number of people consumed is 847:  $$ 7x = 847 $$  $$ x = \frac{847}{7} = 121 $$  The number of people on the ship the monster ate in the first hundred years is:  $$ \boxed"
87,gsm8k-train-000010,10,6,truncated_before_final,no_boxed_answer,0.0,121,,0,,,388,122,True,char_length_heuristic,"Let $ x $ be the number of people on the first ship.  Since each new ship has twice as many people as the last, the number of people on the ships over three hundred years is:  - First hundred years: $ x $ - Second hundred years: $ 2x $ - Third hundred years: $ 4x $  Total people consumed:   $$ x + 2x + 4x = 7x $$  We are told that the total is 847:  $$ 7x = 847 $$  $$ x = \frac{847}{7}"
88,gsm8k-train-000010,10,7,truncated_before_final,no_boxed_answer,0.0,121,,0,,,438,137,True,char_length_heuristic,"We are given that a deep-sea monster eats a ship every 100 years, and over 300 years, it has eaten 847 people. Each ship has twice as many people as the previous one.  This is a geometric sequence where:  - The first term is $ a $ (number of people on the first ship), - The common ratio is 2, - There are 3 terms (since 300 years / 100 years per ship = 3 ships), - The sum of the three terms is 847.  The sum of a geometric series with 3"
89,gsm8k-train-000011,11,0,truncated_before_final,no_boxed_answer,0.0,5,,0,,,389,122,True,char_length_heuristic,Let's break down the problem step by step.  - **Cost of shoes:** $95   - **Allowance per month:** $5   - **Mowing a lawn:** $15   - **Shoveling a driveway:** $7   - **Total money after buying shoes:** $15   - **Number of lawns mowed:** 4    Let $ x $ be the number of driveways he shoveled.  Total money earned:  - From allowance: $ 3 \times 5 = 15 $ - From mowing lawns: $ 4 \times 15 = 6
90,gsm8k-train-000011,11,1,no_boxed_answer,no_boxed_answer,0.0,5,,0,,,339,106,False,char_length_heuristic,"Let's break down the problem step by step.  Tobias buys shoes that cost **$95** and has **$15** left after the purchase, so he must have had:  $$ 95 + 15 = 110 $$  He gets **$5** allowance per month for **3 months**, so that's:  $$ 5 \times 3 = 15 $$  He also mows **4 lawns** at **$15** each, so that's:  $$ 4 \times 15 = 60 $$  Let $ x $"
91,gsm8k-train-000011,11,2,no_boxed_answer,no_boxed_answer,0.0,5,,0,,,367,115,False,char_length_heuristic,"Let's break down the problem step by step.  Tobias wants to buy shoes that cost **$95**. After buying them, he has **$15** left.  So, he must have had:  $$ 95 + 15 = 110 \text{ dollars} $$  He gets **$5** a month for 3 months:  $$ 5 \times 3 = 15 \text{ dollars} $$  He also mows lawns and shovels driveways. He charges **$15 per lawn** and **$7 per driveway**.  He m"
92,gsm8k-train-000011,11,3,no_boxed_answer,no_boxed_answer,0.0,5,,0,,,327,103,False,char_length_heuristic,"Let's break down the problem step by step.  - Cost of shoes: $95   - Allowance per month: $5, for 3 months → $5 × 3 = $15   - Mows 4 lawns at $15 each → 4 × 15 = $60   - Let $ x $ be the number of driveways he shoveled at $7 each → 7x   - Total money before buying shoes: $15 (allowance) + $60 (lawns) + 7x (driveways) = 75 + 7"
93,gsm8k-train-000011,11,4,no_boxed_answer,no_boxed_answer,0.0,5,,0,,,344,108,False,char_length_heuristic,Let's break down the problem step by step.  - Cost of shoes: $95   - Allowance per month: $5 for 3 months → $5 × 3 = $15   - Earnings from mowing lawns: $15 per lawn × 4 lawns = $60   - Let $ x $ be the number of driveways he shoveled.   - Earnings from shoveling: $7 per driveway × $ x $ = $7x    Total money earned:   $ 15 + 60 + 7x = 75 + 7x
94,gsm8k-train-000011,11,5,final_answer_unboxed,no_boxed_answer,0.0,5,,0,,,343,108,False,char_length_heuristic,Let's break down the problem step by step.  1. **Total cost of shoes**: $95   2. **Allowance for 3 months**: $3 \times 5 = 15$   3. **Money from mowing lawns**: $15 \times 4 = 60$   4. **Let $ x $ be the number of driveways he shoveled**.      - Money from shoveling: $7x$   5. **Total money before buying shoes**:      $$    15 + 60 + 7x = 75
95,gsm8k-train-000011,11,6,final_answer_unboxed,no_boxed_answer,0.0,5,,0,,,378,119,False,char_length_heuristic,"We are given:  - Shoes cost: $95   - Allowance: $5/month for 3 months → $15   - Mows lawns: $15 per lawn   - Shovels driveways: $7 per driveway   - After buying shoes, he has $15 left   - Mows 4 lawns    We need to find how many driveways he shoveled.  Let $ x $ be the number of driveways he shoveled.  Total money earned:  - Allowance: $15   - From mowing lawns: $15 × 4 = $60"
96,gsm8k-train-000011,11,7,no_boxed_answer,no_boxed_answer,0.0,5,,0,,,357,112,False,char_length_heuristic,Let's break down the problem step by step.  1. **Cost of shoes**: $95   2. **Allowance per month**: $5      - For 3 months: $5 × 3 = $15   3. **Money from mowing lawns**: $15 per lawn      - Mowed 4 lawns: $15 × 4 = $60   4. **Money from shoveling**: $7 per driveway      - Let $ x $ be the number of driveways he shoveled.      - Total from shoveling: $7x$
113,gsm8k-train-000014,14,0,no_boxed_answer,no_boxed_answer,0.0,5,,0,,,366,115,False,char_length_heuristic,"To find how many hours it will take Joy to read 120 pages, first determine her reading rate:  - Joy reads 8 pages in 20 minutes. - So, her rate is $ \frac{8 \text{ pages}}{20 \text{ minutes}} = \frac{2}{5} \text{ pages per minute} $.  Now, calculate the time to read 120 pages:  $$ \text{Time} = \frac{120 \text{ pages}}{\frac{2}{5} \text{ pages per minute}} = 120 \"
114,gsm8k-train-000014,14,1,final_answer_unboxed,no_boxed_answer,0.0,5,,0,,,376,118,False,char_length_heuristic,"To find how many hours it will take Joy to read 120 pages, we start by determining her reading rate:  - Joy reads 8 pages in 20 minutes. - So, her rate is $ \frac{8 \text{ pages}}{20 \text{ minutes}} = \frac{2 \text{ pages}}{5 \text{ minutes}} $.  Now, find how many minutes it takes to read 120 pages:  $$ \text{Time} = \frac{120 \text{ pages}}{2 \text{ pages/5 minutes}} = 1"
115,gsm8k-train-000014,14,2,final_answer_unboxed,no_boxed_answer,0.0,5,,0,,,374,117,False,char_length_heuristic,"To find how many hours it will take Joy to read 120 pages, we first determine her reading rate:  - Joy reads 8 pages in 20 minutes. - So, her reading rate is $ \frac{8 \text{ pages}}{20 \text{ minutes}} = \frac{2}{5} \text{ pages per minute} $.  Now, calculate the time to read 120 pages:  $$ \text{Time} = \frac{120 \text{ pages}}{\frac{2}{5} \text{ pages per minute}} = 12"
118,gsm8k-train-000014,14,5,no_boxed_answer,no_boxed_answer,0.0,5,,0,,,382,120,False,char_length_heuristic,"To find how many hours it will take Joy to read 120 pages, we start by determining her reading rate:  - Joy reads 8 pages in 20 minutes. - So, her reading rate is:     $$   \frac{8 \text{ pages}}{20 \text{ minutes}} = \frac{2 \text{ pages}}{5 \text{ minutes}}   $$  Now, find how many minutes it takes her to read 120 pages:  $$ \frac{120 \text{ pages}}{2 \text{ pages/5 minutes}} ="
119,gsm8k-train-000014,14,6,final_answer_unboxed,no_boxed_answer,0.0,5,,0,,,367,115,False,char_length_heuristic,"To find how many hours it will take Joy to read 120 pages, first determine her reading rate:  - Joy reads 8 pages in 20 minutes. - So, her rate is $ \frac{8 \text{ pages}}{20 \text{ minutes}} = \frac{2}{5} \text{ pages per minute} $.  Now, find how many minutes to read 120 pages:  $$ \text{Time} = \frac{120 \text{ pages}}{\frac{2}{5} \text{ pages per minute}} = 120"
120,gsm8k-train-000014,14,7,truncated_before_final,no_boxed_answer,0.0,5,,0,,,395,124,True,char_length_heuristic,"To find how many hours it will take Joy to read 120 pages, first determine her reading rate:  - Joy reads 8 pages in 20 minutes. - So, her reading rate is $ \frac{8 \text{ pages}}{20 \text{ minutes}} = \frac{2 \text{ pages}}{5 \text{ minutes}} $.  Now, find how many minutes it takes to read 120 pages:  - Let $ x $ be the number of minutes to read 120 pages. - Using the rate: $ \frac{2}{5} = \"
121,gsm8k-train-000015,15,0,no_boxed_answer,no_boxed_answer,0.0,448000,,0,,,313,98,False,char_length_heuristic,"To calculate James's profit:  1. **Cost to make one DVD**: $6   2. **Selling price per DVD**: $2.5 \times 6 = 15$   3. **Profit per DVD**: $15 - 6 = 9$    He sells 500 DVDs per day for 5 days a week, so:  - **DVDs per week**: $500 \times 5 = 2500$   - **Profit per week**: $2500 \times 9 = 22500$   - **Profit for"
122,gsm8k-train-000015,15,1,no_boxed_answer,no_boxed_answer,0.0,448000,,0,,,312,98,False,char_length_heuristic,"To calculate James's profit:  1. **Cost to make one DVD:** $6   2. **Selling price per DVD:** $2.5 \times 6 = 15$   3. **Profit per DVD:** $15 - 6 = 9$    He sells 500 DVDs per day for 5 days a week, so: - **DVDs per week:** $500 \times 5 = 2500$   - **Profit per week:** $2500 \times 9 = 22500$   - **Profit for"
123,gsm8k-train-000015,15,2,final_answer_unboxed,no_boxed_answer,0.0,448000,,0,,,291,91,False,char_length_heuristic,"To calculate James's profit:  1. **Cost to make one DVD**: $6   2. **Selling price per DVD**: $2.5 \times 6 = 15$   3. **Profit per DVD**: $15 - 6 = 9$   4. **DVDs sold per day**: 500   5. **DVDs sold per week**: $500 \times 5 = 2500$   6. **DVDs sold in 20 weeks**: $2500 \times 20 = 50,000"
124,gsm8k-train-000015,15,3,no_boxed_answer,no_boxed_answer,0.0,448000,,0,,,315,99,False,char_length_heuristic,"To calculate James's profit:  1. **Cost to make one DVD** = $6   2. **Selling price per DVD** = 2.5 × $6 = $15   3. **Profit per DVD** = $15 - $6 = $9    He sells 500 DVDs per day for 5 days a week:   - DVDs sold per week = 500 × 5 = 2500   - Profit per week = 2500 × $9 = $22,500    Over 20 weeks:   - Total profit"
125,gsm8k-train-000015,15,4,no_boxed_answer,no_boxed_answer,0.0,448000,,0,,,323,101,False,char_length_heuristic,To calculate James's profit:  1. **Cost to make one DVD**: $6   2. **Selling price per DVD**: $ 2.5 \times 6 = 15 $   3. **Profit per DVD**: $ 15 - 6 = 9 $   4. **DVDs sold per day**: 500   5. **Days per week**: 5   6. **Weeks**: 20    Now calculate total profit:  $$ \text{Total profit} = 9 \times 500 \times 5 \times 20 =
126,gsm8k-train-000015,15,5,no_boxed_answer,no_boxed_answer,0.0,448000,,0,,,309,97,False,char_length_heuristic,"To calculate James's profit:  1. **Cost to make one DVD**: $6   2. **Selling price per DVD**: $ 2.5 \times 6 = 15 $   3. **Profit per DVD**: $ 15 - 6 = 9 $    He sells 500 DVDs per day for 5 days a week, so:  - **DVDs sold per week**: $ 500 \times 5 = 2500 $   - **Profit per week**: $ 2500 \times 9 = 22500 $"
127,gsm8k-train-000015,15,6,no_boxed_answer,no_boxed_answer,0.0,448000,,0,,,301,95,False,char_length_heuristic,"To calculate James's profit:  1. **Cost to make one DVD**: $6   2. **Selling price per DVD**: $ 2.5 \times 6 = 15 $   3. **Profit per DVD**: $ 15 - 6 = 9 $    4. **DVDs sold per day**: 500   5. **Days per week**: 5   6. **Weeks**: 20    Total profit = $ 9 \times 500 \times 5 \times 20 = 450,000 $  $$"
128,gsm8k-train-000015,15,7,no_boxed_answer,no_boxed_answer,0.0,448000,,0,,,300,94,False,char_length_heuristic,"To calculate James's profit:  1. **Cost to make one DVD**: $6   2. **Selling price per DVD**: $ 2.5 \times 6 = 15 $   3. **Profit per DVD**: $ 15 - 6 = 9 $   4. **DVDs sold per day**: 500   5. **Days per week**: 5   6. **Weeks**: 20    Total profit = $ 9 \times 500 \times 5 \times 20 = 450,000 $  $$"
129,gsm8k-train-000016,16,0,malformed_boxed,malformed_boxed_answer,0.0,800,,0,,,290,91,False,char_length_heuristic,"First, find Mike's share of the profit. The ratio is 2:5, and Johnson's share is $2500, which corresponds to 5 parts.  $$ 1 \text{ part} = \frac{2500}{5} = 500 $$  $$ \text{Mike's share} = 2 \times 500 = 1000 $$  After buying a shirt for $200, Mike has:  $$ 1000 - 200 = 800 $$  $$ \boxed{8"
132,gsm8k-train-000016,16,3,no_boxed_answer,no_boxed_answer,0.0,800,,0,,,372,117,False,char_length_heuristic,"We are given that the profit is shared between Mike and Johnson in the ratio 2:5, and Johnson received $2500.  Let the total profit be divided into 2 + 5 = 7 parts.  Since Johnson's share is 5 parts and equals $2500, each part is:  $$ \frac{2500}{5} = 500 $$  Mike's share is 2 parts:  $$ 2 \times 500 = 1000 $$  Mike spends $200 on a shirt, so the remaining amount he has"
133,gsm8k-train-000016,16,4,no_boxed_answer,no_boxed_answer,0.0,800,,0,,,310,97,False,char_length_heuristic,"First, find Mike's share of the profit. The ratio is 2:5, so:  $$ \text{Mike's share} = \frac{2}{2+5} \times \text{Total profit} $$  Given Johnson's share is $2500, which is 5 parts:  $$ 5 \text{ parts} = 2500 \Rightarrow 1 \text{ part} = 500 $$  $$ \text{Mike's share} = 2 \times 500 = 1000 $$  Mike spends $2"
135,gsm8k-train-000016,16,6,no_boxed_answer,no_boxed_answer,0.0,800,,0,,,280,88,False,char_length_heuristic,"First, find Mike's share of the profit. The ratio is 2:5, so:  $$ \text{Total parts} = 2 + 5 = 7 $$ $$ \text{Johnson's share} = \frac{5}{7} \text{ of total profit} = 2500 $$ $$ \text{Total profit} = 2500 \times \frac{7}{5} = 3500 $$ $$ \text{Mike's share} = \frac{2}{7} \times 350"
137,gsm8k-train-000017,17,0,no_boxed_answer,no_boxed_answer,0.0,43,,0,,,335,105,False,char_length_heuristic,"First, calculate the initial total number of hard hats:  $$ 26 + 15 + 24 = 65 $$  Carl takes away 4 pink hard hats:  $$ 26 - 4 = 22 \text{ pink hard hats left} $$  John takes away 6 pink hard hats and twice as many green hard hats:  - Pink: $26 - 4 - 6 = 16$ - Green: $15 - 2 \times 6 = 15 - 12 = 3$  Yellow remains the same: 24  Total"
138,gsm8k-train-000017,17,1,no_boxed_answer,no_boxed_answer,0.0,43,,0,,,373,117,False,char_length_heuristic,"First, calculate the initial total number of hard hats:  $$ 26 + 15 + 24 = 65 $$  Carl takes away 4 pink hard hats:  $$ 26 - 4 = 22 \text{ pink hard hats left} $$  John takes away 6 pink hard hats and twice as many green hard hats as the number of pink hard hats he removed:  - Pink: $6$ - Green: $2 \times 6 = 12$  So, after John takes away:  - Pink: $22 - 6 = 16$ - Green"
139,gsm8k-train-000017,17,2,no_boxed_answer,no_boxed_answer,0.0,43,,0,,,360,113,False,char_length_heuristic,"First, calculate the initial total number of hard hats:  $$ 26 \text{ (pink)} + 15 \text{ (green)} + 24 \text{ (yellow)} = 65 $$  Carl takes away 4 pink hard hats:  $$ 26 - 4 = 22 \text{ pink remaining} $$  John takes away 6 pink hard hats and twice as many green hard hats as the number of pink he removed:  $$ 6 \text{ pink} + 2 \times 6 = 6 + 12 = 18 \text{"
140,gsm8k-train-000017,17,3,truncated_before_final,no_boxed_answer,0.0,43,,0,,,402,126,True,char_length_heuristic,"Initially, the total number of hard hats is:  $$ 26 + 15 + 24 = 65 $$  Carl takes away 4 pink hard hats. So, remaining pink hard hats:  $$ 26 - 4 = 22 $$  John takes away 6 pink hard hats and twice as many green hard hats as the number of pink hard hats he removed. So:  - Pink hard hats taken by John: 6 - Green hard hats taken by John: $2 \times 6 = 12$  Remaining pink hard hats after John:  $$ 22 -"
141,gsm8k-train-000017,17,4,truncated_before_final,no_boxed_answer,0.0,43,,0,,,386,121,True,char_length_heuristic,"Initially, the total number of hard hats is:  $$ 26 + 15 + 24 = 65 $$  Carl takes away 4 pink hard hats. Remaining pink hard hats:  $$ 26 - 4 = 22 $$  John takes away 6 pink hard hats and twice as many green hard hats as the number of pink hard hats he removed. So John takes:  - 6 pink hard hats - $2 \times 6 = 12$ green hard hats  Remaining pink hard hats after John:  $$ 22 - 6 = 16"
142,gsm8k-train-000017,17,5,truncated_before_final,no_boxed_answer,0.0,43,,0,,,396,124,True,char_length_heuristic,"Initially, the total number of hard hats is:  $$ 26 + 15 + 24 = 65 $$  Carl takes away 4 pink hard hats. So, remaining pink hard hats:  $$ 26 - 4 = 22 $$  John takes away 6 pink hard hats and twice as many green hard hats as the number of pink hard hats he removed. So:  - Pink hard hats taken by John: 6 - Green hard hats taken by John: $2 \times 6 = 12$  Now, remaining pink hard hats:  $$ 22 -"
143,gsm8k-train-000017,17,6,truncated_before_final,no_boxed_answer,0.0,43,,0,,,419,131,True,char_length_heuristic,"Initially, the total number of hard hats is:  $$ 26 + 15 + 24 = 65 $$  Carl takes away 4 pink hard hats. So, remaining pink hard hats are:  $$ 26 - 4 = 22 $$  John takes away 6 pink hard hats and twice as many green hard hats as the number of pink hard hats he removed. So:  - Pink hard hats taken by John: 6 - Green hard hats taken by John: $2 \times 6 = 12$  Now, subtract these from the original counts:  - Remaining"
144,gsm8k-train-000017,17,7,no_boxed_answer,no_boxed_answer,0.0,43,,0,,,369,116,False,char_length_heuristic,We start with the initial number of hard hats:  - Pink: 26   - Green: 15   - Yellow: 24    Total initial: $26 + 15 + 24 = 65$  Carl takes away 4 pink hard hats:   Pink becomes $26 - 4 = 22$  John takes away: - 6 pink hard hats   - Twice as many green as the pink he removed: $2 \times 6 = 12$ green hard hats    So John removes 6 pink and 12 green.  New counts: - Pink:
145,gsm8k-train-000018,18,0,truncated_before_final,no_boxed_answer,0.0,16,,0,,,429,135,True,char_length_heuristic,"To find the total time Roque spends getting to and from work in a week, we calculate the time for each mode of transportation and multiply by the number of times he uses it.  - Walking: 2 hours one way, 3 times a week (to and from work).     Total walking time: $2 \times 2 \times 3 = 12$ hours.  - Biking: 1 hour one way, 2 times a week (to and from work).     Total biking time: $1 \times 2 \times 2 = 4$ hours.  Total time: $1"
146,gsm8k-train-000018,18,1,truncated_before_final,no_boxed_answer,0.0,16,,0,,,394,124,True,char_length_heuristic,"To find the total time Roque spends getting to and from work in a week, we calculate the time for each mode of transport and multiply by the number of times he uses it.  - Walking: 2 hours one way, 3 times a week (to and from work) = $2 \times 2 \times 3 = 12$ hours - Biking: 1 hour one way, 2 times a week (to and from work) = $1 \times 2 \times 2 = 4$ hours  Total time = $12 + 4 = 16$ hours"
147,gsm8k-train-000018,18,2,truncated_before_final,malformed_boxed_answer,0.0,16,,0,,,389,122,True,char_length_heuristic,"To find the total time Roque spends getting to and from work in a week, we calculate the time for each mode of transportation and multiply by the number of times he uses it.  - Walking: 2 hours one way, so 2 × 2 = 4 hours each week (to and from 3 times). - Biking: 1 hour one way, so 1 × 2 = 2 hours each week (to and from 2 times).  Total time = (4 × 3) + (2 × 2) = 12 + 4 = 16.  \boxed{1"
148,gsm8k-train-000018,18,3,truncated_before_final,no_boxed_answer,0.0,16,,0,,,403,126,True,char_length_heuristic,"To find the total time Roque spends getting to and from work in a week, we calculate the time for each mode of transportation and sum them up.  - Walking: 2 hours one way, so 2 × 2 = 4 hours each day.     He walks 3 times a week, so total walking time = 4 × 3 = 12 hours.  - Biking: 1 hour one way, so 1 × 2 = 2 hours each day.     He bikes 2 times a week, so total biking time = 2 × 2 = 4 hours.  Total"
149,gsm8k-train-000018,18,4,truncated_before_final,no_boxed_answer,0.0,16,,0,,,428,134,True,char_length_heuristic,"To find the total time Roque spends getting to and from work in a week, we calculate the time for each mode of transportation and multiply by the number of times he uses it.  - Walking: 2 hours one way, so 4 hours round trip. - Biking: 1 hour one way, so 2 hours round trip.  He walks 3 times a week: - $3 \times 4 = 12$ hours walking.  He bikes 2 times a week: - $2 \times 2 = 4$ hours biking.  Total time per week: $$ 12 + 4 ="
150,gsm8k-train-000018,18,5,truncated_before_final,no_boxed_answer,0.0,16,,0,,,419,131,True,char_length_heuristic,"To find the total time Roque spends getting to and from work in a week, we calculate the time for each mode of transportation and multiply by the number of times he uses it.  - Walking: 2 hours one way, so 4 hours round trip. - Biking: 1 hour one way, so 2 hours round trip.  Roque walks 3 times a week: $$ 3 \times 4 = 12 \text{ hours} $$  Roque bikes 2 times a week: $$ 2 \times 2 = 4 \text{ hours} $$  Total time: $$"
151,gsm8k-train-000018,18,6,truncated_before_final,no_boxed_answer,0.0,16,,0,,,416,130,True,char_length_heuristic,"To find the total time Roque spends getting to and from work in a week, we calculate the time for each mode of transportation and multiply by the number of times he uses it.  - Walking: 2 hours one way, so 4 hours round trip. - Biking: 1 hour one way, so 2 hours round trip.  He walks 3 times a week: $$ 3 \times 4 = 12 \text{ hours} $$  He bikes 2 times a week: $$ 2 \times 2 = 4 \text{ hours} $$  Total time: $$ 12"
152,gsm8k-train-000018,18,7,truncated_before_final,no_boxed_answer,0.0,16,,0,,,425,133,True,char_length_heuristic,"To find the total time Roque spends getting to and from work in a week, we calculate the time for each mode of transportation and multiply by the number of times he uses it.  - Walking: 2 hours one way, so 4 hours round trip. - Biking: 1 hour one way, so 2 hours round trip.  Roque walks 3 times a week: $$ 3 \times 4 = 12 \text{ hours} $$  Roque bikes 2 times a week: $$ 2 \times 2 = 4 \text{ hours} $$  Total time per week:"
153,gsm8k-train-000019,19,0,malformed_boxed,malformed_boxed_answer,0.0,16,,0,,,341,107,False,char_length_heuristic,"To find the total time Tim spends biking in a week, we calculate the total distance he bikes and divide by his speed.  - **Weekdays**: 5 days × 2 round trips × 20 miles = 5 × 2 × 20 = 200 miles - **Weekend**: 200 miles  **Total distance**: 200 + 200 = 400 miles  **Speed**: 25 mph  **Total time**: $ \frac{400}{25} = 16 $ hours  $$ \boxed{16"
154,gsm8k-train-000019,19,1,final_answer_unboxed,no_boxed_answer,0.0,16,,0,,,362,114,False,char_length_heuristic,"To find the total time Tim spends biking in a week, we need to calculate the total distance he bikes and then divide by his speed.  1. **Workdays:**    - 5 workdays    - Each day: 20 miles to work and 20 miles back = 40 miles/day    - Total for 5 days: $ 5 \times 40 = 200 $ miles  2. **Weekend ride:**    - 200 miles  3. **Total distance:**    - $ 200 + 200 = 4"
155,gsm8k-train-000019,19,2,no_boxed_answer,no_boxed_answer,0.0,16,,0,,,350,110,False,char_length_heuristic,"To find the total time Tim spends biking in a week, we calculate the time for each part of his trip:  1. **Workdays:**    - 5 workdays    - Each day: 20 miles to work and 20 miles back = 40 miles per day    - Total for 5 days: $ 5 \times 40 = 200 $ miles  2. **Weekend ride:**    - 200 miles  **Total distance:** $ 200 + 200 = 400 $ miles  **Speed:**"
156,gsm8k-train-000019,19,3,truncated_before_final,no_boxed_answer,0.0,16,,0,,,388,122,True,char_length_heuristic,"To find the total time Tim spends biking in a week, we need to calculate the time for each part of his biking schedule and sum them up.  1. **Workdays:**    - He bikes back and forth to work for 5 days.    - Each day, the distance is 20 miles (to work) + 20 miles (back home) = 40 miles.    - Total distance for 5 days = $5 \times 40 = 200$ miles.    - At 25 mph, time = $\frac{200}{25} ="
157,gsm8k-train-000019,19,4,final_answer_unboxed,no_boxed_answer,0.0,16,,0,,,356,112,False,char_length_heuristic,"To find the total time Tim spends biking in a week, we calculate the total distance he bikes and then divide by his speed.  - **Workdays**: 5 days × 2 round trips × 20 miles = 200 miles - **Weekend ride**: 200 miles - **Total distance**: 200 + 200 = 400 miles - **Speed**: 25 mph  $$ \text{Time} = \frac{\text{Distance}}{\text{Speed}} = \frac{400}{25} = 16"
158,gsm8k-train-000019,19,5,truncated_before_final,no_boxed_answer,0.0,16,,0,,,400,125,True,char_length_heuristic,"To find the total time Tim spends biking in a week, we need to calculate the total distance he bikes and then divide by his speed.  1. **Weekdays:**    - He rides back and forth to work 5 days a week.    - Each day, the distance is 20 miles (to work) + 20 miles (back) = 40 miles.    - Total distance for 5 days = $ 40 \times 5 = 200 $ miles.  2. **Weekend:**    - He goes for a 200-mile ride.  3. **"
159,gsm8k-train-000019,19,6,truncated_before_final,no_boxed_answer,0.0,16,,0,,,406,127,True,char_length_heuristic,"To find the total time Tim spends biking in a week, we need to calculate the total distance he bikes and divide by his speed.  ### Step 1: Calculate daily commute - He rides back and forth to work 5 days a week. - Each day, the distance is $ 20 \text{ miles} \times 2 = 40 \text{ miles} $. - For 5 days: $ 40 \text{ miles/day} \times 5 = 200 \text{ miles} $.  ### Step 2: Add weekend ride - Weekend ride: $"
